{"inputUnits":[34],"outputUnits":4,"inputs":{"0":{"dtype":"number","min":311.2375490660788,"max":336.00888674254537},"1":{"dtype":"number","min":110.94428227891234,"max":182.09476493255437},"2":{"dtype":"number","min":320.3398846185695,"max":345.9799676192434},"3":{"dtype":"number","min":97.65189559371382,"max":172.31781779209305},"4":{"dtype":"number","min":299.8458339549877,"max":324.9753890307093},"5":{"dtype":"number","min":97.53389815838014,"max":171.10188445152593},"6":{"dtype":"number","min":333.8897455226608,"max":358.31909566362464},"7":{"dtype":"number","min":90.39198074192097,"max":171.9451505724217},"8":{"dtype":"number","min":279.0661951998288,"max":308.2433784588968},"9":{"dtype":"number","min":94.16000752885904,"max":176.54884442483706},"10":{"dtype":"number","min":351.51307163647505,"max":380.83186976858514},"11":{"dtype":"number","min":145.4350652564571,"max":213.07734498735988},"12":{"dtype":"number","min":251.10042638945995,"max":288.18210356416756},"13":{"dtype":"number","min":145.7138430351867,"max":209.51940049437286},"14":{"dtype":"number","min":372.5597430669773,"max":454.3439351280762},"15":{"dtype":"number","min":104.66131794057625,"max":273.8943850273742},"16":{"dtype":"number","min":174.95629442597922,"max":258.12839545236926},"17":{"dtype":"number","min":98.26385557535329,"max":272.68698887518275},"18":{"dtype":"number","min":363.3904719956902,"max":411.65896410133405},"19":{"dtype":"number","min":50.005499112908126,"max":344.0906353628891},"20":{"dtype":"number","min":230.58916772318165,"max":278.30818994235807},"21":{"dtype":"number","min":44.63695920234069,"max":345.7190720705028},"22":{"dtype":"number","min":338.80369517305905,"max":369.7334048622533},"23":{"dtype":"number","min":321.1039533113178,"max":376.83795936391135},"24":{"dtype":"number","min":266.1622122900295,"max":302.6228740015457},"25":{"dtype":"number","min":321.07661896049393,"max":374.291932104159},"26":{"dtype":"number","min":335.5780502230103,"max":366.79320813154845},"27":{"dtype":"number","min":430.27337801154357,"max":498.88005273383953},"28":{"dtype":"number","min":265.8317104882432,"max":304.80073746649606},"29":{"dtype":"number","min":438.2817604109557,"max":498.25741453709884},"30":{"dtype":"number","min":331.40276457134047,"max":357.1989052755791},"31":{"dtype":"number","min":502.66405785990037,"max":556.667783264993},"32":{"dtype":"number","min":265.71878355148937,"max":304.012856288263},"33":{"dtype":"number","min":512.6291928653828,"max":558.7735851466307}},"outputs":{"0":{"dtype":"string","min":0,"max":1,"uniqueValues":["Hands Up","Salute","Attention","Hands Behind"],"legend":{"Hands Up":[1,0,0,0],"Salute":[0,1,0,0],"Attention":[0,0,1,0],"Hands Behind":[0,0,0,1]}}},"isNormalized":true}